path,purpose,bytes,sha256,source
未来产业洞见系统demo/DESIGN.md,网站源码/运行资源,13040,1822d1b000b7cdb51b96c51130ec2d34ecb258d43df99100429e96ea988f6b6f,/home/jiyang/projects/未来产业洞见系统demo/DESIGN.md
未来产业洞见系统demo/PRODUCT.md,网站源码/运行资源,3797,ffcaa77ff1ff0b620db566dfaf58b1dc7e9bbb7d80a7d3025f0c49824f823f77,/home/jiyang/projects/未来产业洞见系统demo/PRODUCT.md
未来产业洞见系统demo/assets/atlas/SHAREHOLDER_LEADS.md,网站源码/运行资源,1171,e3b8de87f7ac950b54a081d1ebc479d8a9db3804a4560b0b44fabbc69139b5e9,/home/jiyang/projects/未来产业洞见系统demo/assets/atlas/SHAREHOLDER_LEADS.md
未来产业洞见系统demo/assets/atlas/app.js,网站源码/运行资源,64411,927231f6805ed0ac26c4a7069d70f497d4f4942c113d5a537ab946e3004241b8,/home/jiyang/projects/未来产业洞见系统demo/assets/atlas/app.js
未来产业洞见系统demo/assets/atlas/enterprise-directory.css,网站源码/运行资源,9271,ddcef0f974da052202b7ee1ea5cbd9e84e9033b5b6a5bc815259b6aaf6635410,/home/jiyang/projects/未来产业洞见系统demo/assets/atlas/enterprise-directory.css
未来产业洞见系统demo/assets/atlas/enterprise-directory.js,网站源码/运行资源,54784,e1c1d410b6afcaf0b01ad931a8be32a6bfa6ef29ea71037aa670faed1827aea5,/home/jiyang/projects/未来产业洞见系统demo/assets/atlas/enterprise-directory.js
未来产业洞见系统demo/assets/atlas/enterprise.js,网站源码/运行资源,49859,93b6a2f000d7287cd867a05236c0703e51da9db574045d9dab18a560a2b4b67f,/home/jiyang/projects/未来产业洞见系统demo/assets/atlas/enterprise.js
未来产业洞见系统demo/assets/atlas/shareholder-leads.css,网站源码/运行资源,2028,557d268b7acffd725a88af3b1bc89ad4878092d80bd9ca733b3283370dc4c91a,/home/jiyang/projects/未来产业洞见系统demo/assets/atlas/shareholder-leads.css
未来产业洞见系统demo/assets/atlas/shareholder-leads.js,网站源码/运行资源,3381,9d661ee5827a602105fc9a26693d5a14de5ff298d2c42e2367bb3b5fabd14b35,/home/jiyang/projects/未来产业洞见系统demo/assets/atlas/shareholder-leads.js
未来产业洞见系统demo/assets/atlas/styles.css,网站源码/运行资源,56523,a1edeeeea98375e19c83a7ca920ef09387150310a2a20835bf7179a67446bbb5,/home/jiyang/projects/未来产业洞见系统demo/assets/atlas/styles.css
未来产业洞见系统demo/assets/atlas/vendor/china.js,网站源码/运行资源,62860,6e763608cb7a0e2fa571ebca3127f6d10940068853b5b404c234feb2f5be15e6,/home/jiyang/projects/未来产业洞见系统demo/assets/atlas/vendor/china.js
未来产业洞见系统demo/assets/atlas/vendor/echarts.min.js,网站源码/运行资源,1030855,e84270bd0cd5bdf60fefc26d00c2a391cb2e81f4d26a7a9ee16185a54773a3cf,/home/jiyang/projects/未来产业洞见系统demo/assets/atlas/vendor/echarts.min.js
未来产业洞见系统demo/assets/atlas/vendor/world.js,网站源码/运行资源,147885,81fb963c0a057e73ecca32247162e2076224d9de3f60e628450e81ce1fe90e4e,/home/jiyang/projects/未来产业洞见系统demo/assets/atlas/vendor/world.js
未来产业洞见系统demo/assets/derwent/app.js,网站源码/运行资源,125716,e63faf7ded1873df1757c9109c55bf7a756aff52c331d924c05d7faf64a04d38,/home/jiyang/projects/未来产业洞见系统demo/assets/derwent/app.js
未来产业洞见系统demo/assets/derwent/knowledge-cards/01_artificial_sun.png,网站源码/运行资源,1332522,8edcaab3c273a406f27e6c84a92cb0013f0e8422961e69a22c78e54458aeeb9d,/home/jiyang/projects/未来产业洞见系统demo/assets/derwent/knowledge-cards/01_artificial_sun.png
未来产业洞见系统demo/assets/derwent/knowledge-cards/02_energy_coordinate.png,网站源码/运行资源,1788025,ca395b9673324d4adfd0fa99113aa934dd1ae5017e2f5d0425373996c8d91612,/home/jiyang/projects/未来产业洞见系统demo/assets/derwent/knowledge-cards/02_energy_coordinate.png
未来产业洞见系统demo/assets/derwent/knowledge-cards/03_fusion_principle.png,网站源码/运行资源,1251454,9e089e4f4f5a8c7e10537cddf6988d1872e7dcf62f0f7cbdf4d2fc826e190604,/home/jiyang/projects/未来产业洞见系统demo/assets/derwent/knowledge-cards/03_fusion_principle.png
未来产业洞见系统demo/assets/derwent/knowledge-cards/05_global_milestones.png,网站源码/运行资源,1474921,ceab208cb833b86219793e27ccd06a00c29657c8458943887c4eb8882467cd00,/home/jiyang/projects/未来产业洞见系统demo/assets/derwent/knowledge-cards/05_global_milestones.png
未来产业洞见系统demo/assets/derwent/knowledge-cards/07_tokamak_components.png,网站源码/运行资源,2075671,dfae431cde34c1b50ba94939ed8ee4ce9257f43c9f4616c4b125af1c07a752f4,/home/jiyang/projects/未来产业洞见系统demo/assets/derwent/knowledge-cards/07_tokamak_components.png
未来产业洞见系统demo/assets/derwent/path-diagrams/FRC_top1.png,网站源码/运行资源,2026169,67b2b158db3424ed387c8265a048a23d139c8d6776d01e9c30b9f0e054b28535,/home/jiyang/projects/未来产业洞见系统demo/assets/derwent/path-diagrams/FRC_top1.png
未来产业洞见系统demo/assets/derwent/path-diagrams/LENR_top1.png,网站源码/运行资源,1774898,c599bfc890a1886fe38c3182d464ee4fcc380fcc710aaacaaf5471679abd1b24,/home/jiyang/projects/未来产业洞见系统demo/assets/derwent/path-diagrams/LENR_top1.png
未来产业洞见系统demo/assets/derwent/path-diagrams/diverse_spc_top1.png,网站源码/运行资源,2228543,8428a332216682a3cfac6faa28e6e712e289fed112e67c0149ad441fe08a53ae,/home/jiyang/projects/未来产业洞见系统demo/assets/derwent/path-diagrams/diverse_spc_top1.png
未来产业洞见系统demo/assets/derwent/path-diagrams/diverse_spc_top2.png,网站源码/运行资源,1926144,77f8899cb0702304e63d2c8a79169467b5de2f715bab400a9d4f18fe6cc95120,/home/jiyang/projects/未来产业洞见系统demo/assets/derwent/path-diagrams/diverse_spc_top2.png
未来产业洞见系统demo/assets/derwent/path-diagrams/diverse_spc_top3.png,网站源码/运行资源,2102109,1bd57d6eff7a6557d2b63320c1445c8c0675c3436d5fec3fa6823b625733667b,/home/jiyang/projects/未来产业洞见系统demo/assets/derwent/path-diagrams/diverse_spc_top3.png
未来产业洞见系统demo/assets/derwent/path-diagrams/惯性约束_top1.png,网站源码/运行资源,1901027,185548fc48ae4c3f47fa5bd1f211b567b50f39cac789275dcb1f89e372c6f5d6,/home/jiyang/projects/未来产业洞见系统demo/assets/derwent/path-diagrams/惯性约束_top1.png
未来产业洞见系统demo/assets/derwent/path-diagrams/替代路线_top1.png,网站源码/运行资源,2014470,e390da9d4feabaaf9df18795b28024fd9dbc915b7c99dd41a7937b5c07b318b1,/home/jiyang/projects/未来产业洞见系统demo/assets/derwent/path-diagrams/替代路线_top1.png
未来产业洞见系统demo/assets/derwent/path-diagrams/磁惯性_top1.png,网站源码/运行资源,1886362,45ba8b31a2b2a14ddd6be0a2a2a1cc64b6cf9e43b7107e8576019066f5f52dc1,/home/jiyang/projects/未来产业洞见系统demo/assets/derwent/path-diagrams/磁惯性_top1.png
未来产业洞见系统demo/assets/derwent/path-diagrams/磁约束_top1.png,网站源码/运行资源,2022501,289bc34551f5fd9fe5052c919ccb75bc57ff15f0b4ec9da9ded07667b2274bc5,/home/jiyang/projects/未来产业洞见系统demo/assets/derwent/path-diagrams/磁约束_top1.png
未来产业洞见系统demo/assets/derwent/styles.css,网站源码/运行资源,69328,b2930b7e646ea1b83f3d5e19a18a87d67c091d2735cf24aa19d79aada8bf87f0,/home/jiyang/projects/未来产业洞见系统demo/assets/derwent/styles.css
未来产业洞见系统demo/assets/derwent/vendor/china.js,网站源码/运行资源,60718,146a69f110aca347228447319216ad665fbf6a57d81c73ddc911c1167aa39249,/home/jiyang/projects/未来产业洞见系统demo/assets/derwent/vendor/china.js
未来产业洞见系统demo/assets/derwent/vendor/echarts.min.js,网站源码/运行资源,1034102,bf4a223524e40b77c304bec67e1222cf551f14880cf42c69dc046558e11c07b1,/home/jiyang/projects/未来产业洞见系统demo/assets/derwent/vendor/echarts.min.js
未来产业洞见系统demo/assets/derwent/vendor/three.min.js,网站源码/运行资源,669884,170c6789f43217c96b3170f4b42fafe135de7f7cd48497a4218f9757ee1d49fa,/home/jiyang/projects/未来产业洞见系统demo/assets/derwent/vendor/three.min.js
未来产业洞见系统demo/assets/frontier/enterprise-river.css,网站源码/运行资源,6312,c87fad623e052e4e792d755cf55ca68220ab688ff1ad69c4237991c6e00e841e,/home/jiyang/projects/未来产业洞见系统demo/assets/frontier/enterprise-river.css
未来产业洞见系统demo/assets/frontier/enterprise-river.js,网站源码/运行资源,28881,8d3f8481abf0ae655fa7fc18eadc7f2e969458ccd04f0acf16ff5719f1e3e424,/home/jiyang/projects/未来产业洞见系统demo/assets/frontier/enterprise-river.js
未来产业洞见系统demo/assets/home/domain-icons/6g.png,网站源码/运行资源,239234,90c7d6c1bd69e3118f41d93736a1c2776eadafa58a8a879fee463a209578d539,/home/jiyang/projects/未来产业洞见系统demo/assets/home/domain-icons/6g.png
未来产业洞见系统demo/assets/home/domain-icons/biomanufacturing.png,网站源码/运行资源,306338,e871feb966448c998ade16a1a85509e192d26aed319876335a7053ddab7fb328,/home/jiyang/projects/未来产业洞见系统demo/assets/home/domain-icons/biomanufacturing.png
未来产业洞见系统demo/assets/home/domain-icons/brain-computer-interface.png,网站源码/运行资源,201506,65dae60e00b44cdbed0c1d85e205e1cafab693856a47b0ef92b13734e7ae9602,/home/jiyang/projects/未来产业洞见系统demo/assets/home/domain-icons/brain-computer-interface.png
未来产业洞见系统demo/assets/home/domain-icons/coming-soon.png,网站源码/运行资源,101356,1d26c1dbd6bec25f2bf30d636585649abede062f44e75ddffb097400c07be5a6,/home/jiyang/projects/未来产业洞见系统demo/assets/home/domain-icons/coming-soon.png
未来产业洞见系统demo/assets/home/domain-icons/commercial-spaceflight.png,网站源码/运行资源,226106,925a8a2516f33bc61e6faa513c105ee4c3cadd2dcf0b56748250fcf6316f5350,/home/jiyang/projects/未来产业洞见系统demo/assets/home/domain-icons/commercial-spaceflight.png
未来产业洞见系统demo/assets/home/domain-icons/controlled-fusion.png,网站源码/运行资源,300644,9513d0c7ef941735ea1d8c7ac42be19cf0338a4af2b0776007aaae97355ed5a4,/home/jiyang/projects/未来产业洞见系统demo/assets/home/domain-icons/controlled-fusion.png
未来产业洞见系统demo/assets/home/domain-icons/embodied-intelligence.png,网站源码/运行资源,272731,df7e1ba741608e281105186c0b0c43c7f6302e94a92be3d75f35d85aa7d0d633,/home/jiyang/projects/未来产业洞见系统demo/assets/home/domain-icons/embodied-intelligence.png
未来产业洞见系统demo/assets/home/domain-icons/low-altitude-economy.png,网站源码/运行资源,330807,afd152b8d97559c9f07627aba15bcbab8bea0a833eb1ff71b6275501f407365d,/home/jiyang/projects/未来产业洞见系统demo/assets/home/domain-icons/low-altitude-economy.png
未来产业洞见系统demo/assets/home/domain-icons/quantum-technology.png,网站源码/运行资源,261692,e4279e53dcf923eb2ffd37065b125a04c82a75b8f9fd89de8ed9ffaf40c2fcb2,/home/jiyang/projects/未来产业洞见系统demo/assets/home/domain-icons/quantum-technology.png
未来产业洞见系统demo/assets/industry/app.js,网站源码/运行资源,19396,1b6ded351af31287f5fdcc8a66ee999f00f6c93463b1c39a0111386738632af4,/home/jiyang/projects/未来产业洞见系统demo/assets/industry/app.js
未来产业洞见系统demo/assets/industry/styles.css,网站源码/运行资源,14655,a6491a58b42989967aa40dd908163eaba0ebacce875071bb80b448b923f370eb,/home/jiyang/projects/未来产业洞见系统demo/assets/industry/styles.css
未来产业洞见系统demo/assets/intelligence/app.js,网站源码/运行资源,11538,ad73c8d4a0c77fa091dc28c502cb6b2e93266ad394526909bd1f2ec6cc4e3e96,/home/jiyang/projects/未来产业洞见系统demo/assets/intelligence/app.js
未来产业洞见系统demo/assets/intelligence/styles.css,网站源码/运行资源,9053,c74503fed0ec71b37fb656b9410dbaa633be8eb2d5a8c683884095fcdb3dbe51,/home/jiyang/projects/未来产业洞见系统demo/assets/intelligence/styles.css
未来产业洞见系统demo/enterprise.html,网站源码/运行资源,21726,7409bec4256c40996eeae15a82f54036cae6901fb4d790488ff2b62b51d18e97,/home/jiyang/projects/未来产业洞见系统demo/enterprise.html
未来产业洞见系统demo/frontier.html,网站源码/运行资源,15277,be155db79cbd3064a2a5b1ee5b79336dafebc805c168a023a963dffc86cd7d4a,/home/jiyang/projects/未来产业洞见系统demo/frontier.html
未来产业洞见系统demo/home.html,网站源码/运行资源,4846,32cbe3c80e81827cb83e589072a6f4d3697215ef7d24ce0ef42fe3ab1be0bf95,/home/jiyang/projects/未来产业洞见系统demo/home.html
未来产业洞见系统demo/index.html,网站源码/运行资源,8155,d91688e51d68c3a0a7fab57f5c4f616903821436c06f939cbedd2fa6e0783c2f,/home/jiyang/projects/未来产业洞见系统demo/index.html
未来产业洞见系统demo/industry.html,网站源码/运行资源,4573,a595ff71dfc72006b22c3800c1d54290292b9e9855d13b9a0a03c6495f1ad506,/home/jiyang/projects/未来产业洞见系统demo/industry.html
未来产业洞见系统demo/scripts/build_frontier_enterprise_index.py,前沿企业索引构建脚本,10573,a087c10202a2f4c76fc48aa3975dfafef8029c4efab7b1e379a43351fd763488,/home/jiyang/projects/未来产业洞见系统demo/scripts/build_frontier_enterprise_index.py
未来产业洞见系统demo/shared/demo-auth.css,网站源码/运行资源,6065,6f94284dfd08f767a0783a6ac3547cb64cfdb410d6f7a4b611c4d2710340161f,/home/jiyang/projects/未来产业洞见系统demo/shared/demo-auth.css
未来产业洞见系统demo/shared/demo-auth.js,网站源码/运行资源,1944,a9d36834a73cbdfcc38bbb4b31897ab29c6ba70605736a5137f7937ed288399c,/home/jiyang/projects/未来产业洞见系统demo/shared/demo-auth.js
未来产业洞见系统demo/shared/enterprise-name.js,网站源码/运行资源,204,9f0308d11f6c298d2745b4a5a61afea033f4ce4db415d6751299583905f3c486,/home/jiyang/projects/未来产业洞见系统demo/shared/enterprise-name.js
未来产业洞见系统demo/shared/fusion-nav.css,网站源码/运行资源,6703,d492460d0070ea5805a0af4a54d66a7e89f42fe94080116bcaefcf7fae58a293,/home/jiyang/projects/未来产业洞见系统demo/shared/fusion-nav.css
未来产业洞见系统demo/shared/fusion-nav.js,网站源码/运行资源,5616,a2c3a9c35039a5e65175a823d0a3ee9f44f9596d8e5ba5a55c9a34f3817a199b,/home/jiyang/projects/未来产业洞见系统demo/shared/fusion-nav.js
未来产业洞见系统demo/shared/home-redesign.css,网站源码/运行资源,20963,d68e806a136dee32258f92da3bb76318e08ca983d52c9b3ea75dbcd58520b6c1,/home/jiyang/projects/未来产业洞见系统demo/shared/home-redesign.css
未来产业洞见系统demo/shared/home-redesign.js,网站源码/运行资源,5802,f984800fd70afe367d89e5e663e50a80c5f227a08ff6ff4f4812db1728a363db,/home/jiyang/projects/未来产业洞见系统demo/shared/home-redesign.js
未来产业洞见系统demo/shared/layout-polish.css,网站源码/运行资源,8281,582424a99a157367d8d4df4cc901f59686e6a0b5d5fc430f040c1f69f5c57cb6,/home/jiyang/projects/未来产业洞见系统demo/shared/layout-polish.css
未来产业洞见系统demo/shared/module-mode.js,网站源码/运行资源,1753,c7d3db89b607e445bfbe367c5ce9af5de3265c939e88431a20b4f7017da1cf9f,/home/jiyang/projects/未来产业洞见系统demo/shared/module-mode.js
未来产业洞见系统demo/technology.html,网站源码/运行资源,16675,f01aba3ff7ae3213e29cd5cda1674b8390ddfa3f8487ae8dbfd3aced8fb6b822,/home/jiyang/projects/未来产业洞见系统demo/technology.html
incopat/build_site.py,当前静态数据构建代码,4431,2ac873e19f6d7881522c3ac73d4b2eea5511ad006aa7fa864f9954733bc23cc9,/home/jiyang/projects/incopat/build_site.py
incopat/build_unified_from_xlsx.py,当前静态数据构建代码,28246,655167c223da48ec91b8ac9d228f8cf20dabde9228f62756b009ef9454616a70,/home/jiyang/projects/incopat/build_unified_from_xlsx.py
incopat/build_atlas_payload.py,当前静态数据构建代码,35309,51d017863009f7cd0bcfc8cc538819e4299509cef45264bb1d9bc0c5dff8e59e,/home/jiyang/projects/incopat/build_atlas_payload.py
incopat/build_derwent_payload_direct.py,当前静态数据构建代码,24113,7a13ca8bdcef298a439c1ab515836cc6f5bf7f5c678059467c0ff695d81a9252,/home/jiyang/projects/incopat/build_derwent_payload_direct.py
incopat/build_enterprise_insights.js,当前静态数据构建代码,9121,a1001a0fb2ba75030a07719eef950b855b0a200b8fa3d549cdfa18e5eaf08f31,/home/jiyang/projects/incopat/build_enterprise_insights.js
incopat/build_enterprise_directory_master.py,当前静态数据构建代码,4457,a5d5ae0cc084903e05908230e250ab7764668ae89a24d3b4c695047e7c156d9b,/home/jiyang/projects/incopat/build_enterprise_directory_master.py
incopat/sync_site_pages.py,当前静态数据构建代码,1567,98d6393949a298cfa35b8ae6adea80986dba994362cbbdc375ee8af9e06417ac,/home/jiyang/projects/incopat/sync_site_pages.py
incopat/export_frontier_input.py,当前静态数据构建代码,3627,82cb9f039e3f8cecdba5945df4931214a5066a1bcd6e734f8649cc037da6bbf8,/home/jiyang/projects/incopat/export_frontier_input.py
incopat/tools/match_shareholder_patents.py,股东关联构建代码及其导入依赖；交付副本改为包内路径和核验快照日期,14775,20982fabd391849b7c0b2017fed82aaa191148f90afa76a9de524f219bdc4e6c,/home/jiyang/projects/incopat/tools/match_shareholder_patents.py
incopat/tools/build_shareholder_frontend.py,股东关联构建代码及其导入依赖,3086,292e5031ac881240d32b78b8d9a33858c1a1cf81b9c3fb10033627282a801867,/home/jiyang/projects/incopat/tools/build_shareholder_frontend.py
incopat/tools/fuzzy_match_unlinked_enterprises.py,股东关联构建代码及其导入依赖,7797,a5506b92a69877bde1c913e8940f38a3635d06845da827828e16a8667193f6e8,/home/jiyang/projects/incopat/tools/fuzzy_match_unlinked_enterprises.py
incopat/tools/export_unlinked_enterprises.py,股东关联构建代码及其导入依赖,4675,b1d0f36343802f80378869d75a859c72eb7d4d350b7f0ae15b58ea05c8cb34d1,/home/jiyang/projects/incopat/tools/export_unlinked_enterprises.py
incopat/output/股东发明人专利关联_待核验_20260916.xlsx,股东关联前端构建输入/核验报告,195310,77c19e18705fa80b051afa279a5da7811912fd24d71438c613d3718601db704d,/home/jiyang/projects/incopat/output/股东发明人专利关联_待核验_20260916.xlsx
incopat/output/股东发明人专利关联_待核验_20260916.json,股东关联前端构建输入/核验报告,628,978ea5f7e8be3bb4ca6ee73a4988d26ef622c7f8df519737f3b8cab0726279ec,/home/jiyang/projects/incopat/output/股东发明人专利关联_待核验_20260916.json
incopat/output/股东发明人专利关联_待核验_20260916_企业汇总.csv,股东关联前端构建输入/核验报告,21499,bb655969fee05ef9b24c771ed5cf2ea13cdd03d6512e3c7c7e48f29a52e0019a,/home/jiyang/projects/incopat/output/股东发明人专利关联_待核验_20260916_企业汇总.csv
incopat/output/股东发明人专利关联_待核验_20260916_关联明细.csv,股东关联前端构建输入/核验报告,638618,aea7fa85e5d005a267139e67d27a23994cdff3b1696c03a87590e4ef778a56af,/home/jiyang/projects/incopat/output/股东发明人专利关联_待核验_20260916_关联明细.csv
incopat/output/暂未关联专利企业名单_20260916.csv,股东匹配所用企业范围及名称校准快照,46108,e7bb2f5435b65fd90257f54e21fd44bddd76be825ea3371dbc3c10e8a3db0a32,/home/jiyang/projects/incopat/output/暂未关联专利企业名单_20260916.csv
incopat/output/剩余企业名称校准_排除49家_20260916.csv,股东匹配所用企业范围及名称校准快照,106070,753e7708a1ca7e36039093e089d5534dafa237564f1daf42cec7aff48a90b86e,/home/jiyang/projects/incopat/output/剩余企业名称校准_排除49家_20260916.csv
inputs/IncoPat筛选维度后_已回填企业类型及国家及技术标签.xlsx,正式源数据,223658584,0fcc4add8702bcac35cccd8eb726d32422df829ee6b615cd2ebe0c15b96123d4,/mnt/d/工作/核聚变卡脖子/IncoPat/incopat核聚变/IncoPat筛选维度后_已回填企业类型及国家及技术标签.xlsx
inputs/中国核聚变相关企业总名单_去重核验版.xlsx,正式源数据,638643,997f0c80acf3a04b397f8f3b6c93707aa44ce13aced06034ce8bbd428160e1df,/mnt/d/工作/核聚变卡脖子/IncoPat/incopat核聚变/中国核聚变相关企业总名单_去重核验版.xlsx
inputs/股东穿透与历史任职_结果.xlsx,正式源数据,27998,c147142ba087362de08411cc24d4606366f0bb108ba6d438ce9c5af9fae4f52a,/mnt/d/工作/核聚变卡脖子/IncoPat/incopat核聚变/股东穿透与历史任职_结果.xlsx
fusion_weak_signal/dedup_patentbert_topic_cluster_score.py,前沿主题聚类/指标/原始页面生成代码,87719,5a49ffb088083c3cd36bdaf4a40e8bf2862788c96b959df4609ae011b8974d9b,/home/jiyang/projects/fusion_weak_signal/dedup_patentbert_topic_cluster_score.py
fusion_weak_signal/make_topic_dashboard.py,前沿主题聚类/指标/原始页面生成代码,79164,af7992b962ef8dddd85e67ded774bdd32bc63d73359e1d28e306a45d5866e8cb,/home/jiyang/projects/fusion_weak_signal/make_topic_dashboard.py
fusion_weak_signal/src/visualization.py,前沿生成代码的模块依赖,17579,0ff7b743b057c610de3def4bd7eb8b9c8e2521ddd07eb58bc5a5351a1362b0f9,/home/jiyang/projects/fusion_weak_signal/src/visualization.py
fusion_weak_signal/src/__init__.py,前沿生成代码的模块依赖,1,01ba4719c80b6fe911b091a7c05124b64eeece964e09c058ef8f9805daca546b,/home/jiyang/projects/fusion_weak_signal/src/__init__.py
fusion_weak_signal/src/deepseek_topic_interpreter.py,前沿生成代码的模块依赖,8511,c5042267871b46326d1454284fa48ca216821b196ceadc0d730352ba845857bf,/home/jiyang/projects/fusion_weak_signal/src/deepseek_topic_interpreter.py
fusion_weak_signal/src/deepseek_direction_summarizer.py,前沿生成代码的模块依赖,7956,451814d1a3a5ef4a3465412669f1eccb4d9b24172be2829dccdab5da88e0c4b3,/home/jiyang/projects/fusion_weak_signal/src/deepseek_direction_summarizer.py
fusion_weak_signal/incopat_run/incopat_simple_families_topic_indicators.xlsx,当前前沿聚类、主题指标及文档归属输入,81594862,c85ce4346ed587577c1565c106dd414a404f2e295bad5c7143c7aa0d1296605e,/home/jiyang/projects/fusion_weak_signal/incopat_run/incopat_simple_families_topic_indicators.xlsx
fusion_weak_signal/incopat_run/outputs/deepseek_topic_summaries.json,已生成主题文本，保留结果以免重复模型调用,851601,f8616fa95380e18fc4ab2dea905a963a0fa7982545e51c8947478830dfb35208,/home/jiyang/projects/fusion_weak_signal/incopat_run/outputs/deepseek_topic_summaries.json
requirements-build.txt,交付启动/可迁移构建/验收说明,17,9bba605fd7b6ea23038de15e5a1ae6714b3d3fb14ed2d6e6bedbfb0665ca2122,/home/jiyang/projects/incopat/delivery_templates/requirements-build.txt
交付构建.py,交付启动/可迁移构建/验收说明,2192,689440ca6fa232d916c49c5cad437e3df942be069c9f4c16894165d22a84c03d,/home/jiyang/projects/incopat/delivery_templates/交付构建.py
requirements-frontier.txt,交付启动/可迁移构建/验收说明,211,65bd8f2b2a8abbb45c4071dc6b7e2f0ca8c94e5166fbedcf300ae580ef00b79e,/home/jiyang/projects/incopat/delivery_templates/requirements-frontier.txt
交付说明.md,交付启动/可迁移构建/验收说明,6032,2e02841a56a5fb88e188d7bf07869cab2fae132c73779622dc8b66712a36878a,/home/jiyang/projects/incopat/delivery_templates/交付说明.md
启动网站.py,交付启动/可迁移构建/验收说明,600,7012e3c64dbe53bbbcf723f741e7c5707947af23a1669ddd60e2dbf4b6e71942,/home/jiyang/projects/incopat/delivery_templates/启动网站.py
requirements-server.txt,依赖清单,56,9ff172265aea531475d8dfc82b6213fd4e7f248f7f1b1342864ce952b0cea5dd,requirements-server.txt
server/__init__.py,FastAPI服务端代码,80,10056b839aef34787480524502fa302e6dab5775d9394bfe642d3d307de407e2,server/__init__.py
server/app.py,FastAPI服务端代码,2875,4b6a9ee54fe972dde57d5e1f05f67490d2a366b0af44513ab573b6bbd9ff1e73,server/app.py
server/config.py,FastAPI服务端代码,721,d2cce69d27bc7798da74f95dd647e09b6ff4702b22f343115cab9387b05d59a4,server/config.py
server/db.py,FastAPI服务端代码,1625,882089ca272edddfb691943f65e2b0e5f7de1cc393ff03d2517f98d7dc9caff5,server/db.py
server/payloads.py,FastAPI服务端代码,7013,620019ad90bc0e18499c140273ea06d6c80560ef6e608db2fe65be97d2699ef7,server/payloads.py
server/snapshots/frontier-dashboard.json,FastAPI服务端代码,3039925,c266b9993a52f8c1d339b4a2cd82199b505bbf2277c525ed6c3d394cb042f382,server/snapshots/frontier-dashboard.json
server/snapshots/verified-events.json,FastAPI服务端代码,1788027,c096a5a57cc31ee79da018b2198b35b37b0e5dc97f81c6a58ac40f7ed4df6d86,server/snapshots/verified-events.json
server/snapshots/world-map.json,FastAPI服务端代码,595445,7873855afda1b7c4dbfd44ce963364c768cee5e643ea27570c1f15aaf122dd09,server/snapshots/world-map.json
server/tools/build_enterprise_insights.js,FastAPI服务端代码,9153,a86fe93ecf4b3d2159a8e4703d68d4bd431e544bf7c18170fdff70da836014f3,server/tools/build_enterprise_insights.js
server/tools/build_shareholder_frontend.py,FastAPI服务端代码,3366,c5512f860996f3aac9920d1b8159f85e9ab8e9abf88848645b61ba88d6b352f0,server/tools/build_shareholder_frontend.py
server/tools/migrate_snapshots.py,FastAPI服务端代码,2486,f5647408b3db160512f15115dbb13da3d5d432e904509047d755749cd0c04752,server/tools/migrate_snapshots.py
启动服务.py,可移植构建/运行入口,793,acc4bf7e1b565f06892f0dbce952ba46dd79ed15ab4c7bde771bbb944e86bed3,启动服务.py
未来产业洞见系统demo/assets/frontier/frontier-app.js,网站源码/运行资源,37060,3b241ae7fd98739029aa725e3db6c33460db00032a38b311e33c4b23d865696f,未来产业洞见系统demo/assets/frontier/frontier-app.js
未来产业洞见系统demo/shared/api-preload.js,网站源码/运行资源,2428,2be86d6631648201226a9dad997fc95c5abed8ccbabdc47412c1dbacc5c28ee4,未来产业洞见系统demo/shared/api-preload.js
