path,purpose,source,bytes,sha256
.gitignore,项目文件,包内相对路径,388,1e7e3b8f6f962da1ea6cb1b1f574cd6f9a46fd3b1ad1adff9c20bafeea3b1f43
analytics/dedup_patentbert_topic_cluster_score.py,主题分析代码/产物,包内相对路径,87719,5a49ffb088083c3cd36bdaf4a40e8bf2862788c96b959df4609ae011b8974d9b
analytics/incopat_run/incopat_simple_families_topic_indicators.xlsx,主题分析代码/产物,包内相对路径,81594862,c85ce4346ed587577c1565c106dd414a404f2e295bad5c7143c7aa0d1296605e
analytics/incopat_run/outputs/deepseek_topic_summaries.json,主题分析代码/产物,包内相对路径,851601,f8616fa95380e18fc4ab2dea905a963a0fa7982545e51c8947478830dfb35208
analytics/make_topic_dashboard.py,主题分析代码/产物,包内相对路径,79164,af7992b962ef8dddd85e67ded774bdd32bc63d73359e1d28e306a45d5866e8cb
analytics/src/__init__.py,主题分析代码/产物,包内相对路径,1,01ba4719c80b6fe911b091a7c05124b64eeece964e09c058ef8f9805daca546b
analytics/src/deepseek_direction_summarizer.py,主题分析代码/产物,包内相对路径,7956,451814d1a3a5ef4a3465412669f1eccb4d9b24172be2829dccdab5da88e0c4b3
analytics/src/deepseek_topic_interpreter.py,主题分析代码/产物,包内相对路径,8511,c5042267871b46326d1454284fa48ca216821b196ceadc0d730352ba845857bf
analytics/src/visualization.py,主题分析代码/产物,包内相对路径,17579,0ff7b743b057c610de3def4bd7eb8b9c8e2521ddd07eb58bc5a5351a1362b0f9
backend/__init__.py,后端服务代码,包内相对路径,80,10056b839aef34787480524502fa302e6dab5775d9394bfe642d3d307de407e2
backend/app.py,后端服务代码,包内相对路径,2880,7901cf13592cbec2a0dd128d73fd0a5f4b34dca7c850d7b003afc3274fdd08db
backend/config.py,后端服务代码,包内相对路径,666,d1e22cce225b0df16a2c37ad4a48aa340d22fac43b20c632294072c37f5f2220
backend/db.py,后端服务代码,包内相对路径,1625,882089ca272edddfb691943f65e2b0e5f7de1cc393ff03d2517f98d7dc9caff5
backend/payloads.py,后端服务代码,包内相对路径,7023,43db434c451729177b900dba8150d7809f09fbb897d84b22bc277f734cf4a37a
backend/snapshots/frontier-dashboard.json,快照/数据,包内相对路径,3039925,c266b9993a52f8c1d339b4a2cd82199b505bbf2277c525ed6c3d394cb042f382
backend/snapshots/verified-events.json,快照/数据,包内相对路径,1788027,c096a5a57cc31ee79da018b2198b35b37b0e5dc97f81c6a58ac40f7ed4df6d86
backend/snapshots/world-map.json,快照/数据,包内相对路径,595445,7873855afda1b7c4dbfd44ce963364c768cee5e643ea27570c1f15aaf122dd09
backend/tools/build_enterprise_insights.js,快照/数据,包内相对路径,9155,a1c54036be69f1874776ae38166eeb43514137f5d25351d6bb0247171fdd9c6a
backend/tools/build_shareholder_frontend.py,后端服务代码,包内相对路径,3392,2c5f804ae8585a60a73ec5444f029ff5ed205af7501a83ad8afa647b6fe77c72
backend/tools/migrate_snapshots.py,后端服务代码,包内相对路径,2500,2551f8bd059b6786935c46c1381824c73020618e794346617070149309ddf37e
data/enterprise_directory.xlsx,源数据,包内相对路径,638643,997f0c80acf3a04b397f8f3b6c93707aa44ce13aced06034ce8bbd428160e1df
data/incopat_patent_families.xlsx,源数据,包内相对路径,223658584,0fcc4add8702bcac35cccd8eb726d32422df829ee6b615cd2ebe0c15b96123d4
data/shareholder_review.xlsx,源数据,包内相对路径,27998,c147142ba087362de08411cc24d4606366f0bb108ba6d438ce9c5af9fae4f52a
docs/DELIVERY.md,文档,包内相对路径,6017,24aeb8b2318fe2668d8729f5d5013ba64abecd6c6b6213a5295a4f0152afa19d
frontend/assets/atlas/app.js,前端代码/页面,包内相对路径,64411,927231f6805ed0ac26c4a7069d70f497d4f4942c113d5a537ab946e3004241b8
frontend/assets/atlas/enterprise-directory.css,前端代码/页面,包内相对路径,9271,ddcef0f974da052202b7ee1ea5cbd9e84e9033b5b6a5bc815259b6aaf6635410
frontend/assets/atlas/enterprise-directory.js,前端代码/页面,包内相对路径,54784,e1c1d410b6afcaf0b01ad931a8be32a6bfa6ef29ea71037aa670faed1827aea5
frontend/assets/atlas/enterprise.js,前端代码/页面,包内相对路径,49859,93b6a2f000d7287cd867a05236c0703e51da9db574045d9dab18a560a2b4b67f
frontend/assets/atlas/shareholder-leads.css,前端代码/页面,包内相对路径,2028,557d268b7acffd725a88af3b1bc89ad4878092d80bd9ca733b3283370dc4c91a
frontend/assets/atlas/shareholder-leads.js,前端代码/页面,包内相对路径,3381,9d661ee5827a602105fc9a26693d5a14de5ff298d2c42e2367bb3b5fabd14b35
frontend/assets/atlas/SHAREHOLDER_LEADS.md,前端代码/页面,包内相对路径,1171,e3b8de87f7ac950b54a081d1ebc479d8a9db3804a4560b0b44fabbc69139b5e9
frontend/assets/atlas/styles.css,前端代码/页面,包内相对路径,56523,a1edeeeea98375e19c83a7ca920ef09387150310a2a20835bf7179a67446bbb5
frontend/assets/atlas/vendor/china.js,前端代码/页面,包内相对路径,62860,6e763608cb7a0e2fa571ebca3127f6d10940068853b5b404c234feb2f5be15e6
frontend/assets/atlas/vendor/echarts.min.js,前端代码/页面,包内相对路径,1030855,e84270bd0cd5bdf60fefc26d00c2a391cb2e81f4d26a7a9ee16185a54773a3cf
frontend/assets/atlas/vendor/world.js,前端代码/页面,包内相对路径,147885,81fb963c0a057e73ecca32247162e2076224d9de3f60e628450e81ce1fe90e4e
frontend/assets/derwent/app.js,前端代码/页面,包内相对路径,125716,e63faf7ded1873df1757c9109c55bf7a756aff52c331d924c05d7faf64a04d38
frontend/assets/derwent/knowledge-cards/01_artificial_sun.png,前端资源,包内相对路径,1332522,8edcaab3c273a406f27e6c84a92cb0013f0e8422961e69a22c78e54458aeeb9d
frontend/assets/derwent/knowledge-cards/02_energy_coordinate.png,前端资源,包内相对路径,1788025,ca395b9673324d4adfd0fa99113aa934dd1ae5017e2f5d0425373996c8d91612
frontend/assets/derwent/knowledge-cards/03_fusion_principle.png,前端资源,包内相对路径,1251454,9e089e4f4f5a8c7e10537cddf6988d1872e7dcf62f0f7cbdf4d2fc826e190604
frontend/assets/derwent/knowledge-cards/05_global_milestones.png,前端资源,包内相对路径,1474921,ceab208cb833b86219793e27ccd06a00c29657c8458943887c4eb8882467cd00
frontend/assets/derwent/knowledge-cards/07_tokamak_components.png,前端资源,包内相对路径,2075671,dfae431cde34c1b50ba94939ed8ee4ce9257f43c9f4616c4b125af1c07a752f4
frontend/assets/derwent/path-diagrams/diverse_spc_top1.png,前端资源,包内相对路径,2228543,8428a332216682a3cfac6faa28e6e712e289fed112e67c0149ad441fe08a53ae
frontend/assets/derwent/path-diagrams/diverse_spc_top2.png,前端资源,包内相对路径,1926144,77f8899cb0702304e63d2c8a79169467b5de2f715bab400a9d4f18fe6cc95120
frontend/assets/derwent/path-diagrams/diverse_spc_top3.png,前端资源,包内相对路径,2102109,1bd57d6eff7a6557d2b63320c1445c8c0675c3436d5fec3fa6823b625733667b
frontend/assets/derwent/path-diagrams/FRC_top1.png,前端资源,包内相对路径,2026169,67b2b158db3424ed387c8265a048a23d139c8d6776d01e9c30b9f0e054b28535
frontend/assets/derwent/path-diagrams/LENR_top1.png,前端资源,包内相对路径,1774898,c599bfc890a1886fe38c3182d464ee4fcc380fcc710aaacaaf5471679abd1b24
frontend/assets/derwent/path-diagrams/惯性约束_top1.png,前端资源,包内相对路径,1901027,185548fc48ae4c3f47fa5bd1f211b567b50f39cac789275dcb1f89e372c6f5d6
frontend/assets/derwent/path-diagrams/替代路线_top1.png,前端资源,包内相对路径,2014470,e390da9d4feabaaf9df18795b28024fd9dbc915b7c99dd41a7937b5c07b318b1
frontend/assets/derwent/path-diagrams/磁惯性_top1.png,前端资源,包内相对路径,1886362,45ba8b31a2b2a14ddd6be0a2a2a1cc64b6cf9e43b7107e8576019066f5f52dc1
frontend/assets/derwent/path-diagrams/磁约束_top1.png,前端资源,包内相对路径,2022501,289bc34551f5fd9fe5052c919ccb75bc57ff15f0b4ec9da9ded07667b2274bc5
frontend/assets/derwent/styles.css,前端代码/页面,包内相对路径,69328,b2930b7e646ea1b83f3d5e19a18a87d67c091d2735cf24aa19d79aada8bf87f0
frontend/assets/derwent/vendor/china.js,前端代码/页面,包内相对路径,60718,146a69f110aca347228447319216ad665fbf6a57d81c73ddc911c1167aa39249
frontend/assets/derwent/vendor/echarts.min.js,前端代码/页面,包内相对路径,1034102,bf4a223524e40b77c304bec67e1222cf551f14880cf42c69dc046558e11c07b1
frontend/assets/derwent/vendor/three.min.js,前端代码/页面,包内相对路径,669884,170c6789f43217c96b3170f4b42fafe135de7f7cd48497a4218f9757ee1d49fa
frontend/assets/frontier/enterprise-river.css,前端代码/页面,包内相对路径,6312,c87fad623e052e4e792d755cf55ca68220ab688ff1ad69c4237991c6e00e841e
frontend/assets/frontier/enterprise-river.js,前端代码/页面,包内相对路径,28881,8d3f8481abf0ae655fa7fc18eadc7f2e969458ccd04f0acf16ff5719f1e3e424
frontend/assets/frontier/frontier-app.js,前端代码/页面,包内相对路径,37060,3b241ae7fd98739029aa725e3db6c33460db00032a38b311e33c4b23d865696f
frontend/assets/home/domain-icons/6g.png,前端资源,包内相对路径,239234,90c7d6c1bd69e3118f41d93736a1c2776eadafa58a8a879fee463a209578d539
frontend/assets/home/domain-icons/biomanufacturing.png,前端资源,包内相对路径,306338,e871feb966448c998ade16a1a85509e192d26aed319876335a7053ddab7fb328
frontend/assets/home/domain-icons/brain-computer-interface.png,前端资源,包内相对路径,201506,65dae60e00b44cdbed0c1d85e205e1cafab693856a47b0ef92b13734e7ae9602
frontend/assets/home/domain-icons/coming-soon.png,前端资源,包内相对路径,101356,1d26c1dbd6bec25f2bf30d636585649abede062f44e75ddffb097400c07be5a6
frontend/assets/home/domain-icons/commercial-spaceflight.png,前端资源,包内相对路径,226106,925a8a2516f33bc61e6faa513c105ee4c3cadd2dcf0b56748250fcf6316f5350
frontend/assets/home/domain-icons/controlled-fusion.png,前端资源,包内相对路径,300644,9513d0c7ef941735ea1d8c7ac42be19cf0338a4af2b0776007aaae97355ed5a4
frontend/assets/home/domain-icons/embodied-intelligence.png,前端资源,包内相对路径,272731,df7e1ba741608e281105186c0b0c43c7f6302e94a92be3d75f35d85aa7d0d633
frontend/assets/home/domain-icons/low-altitude-economy.png,前端资源,包内相对路径,330807,afd152b8d97559c9f07627aba15bcbab8bea0a833eb1ff71b6275501f407365d
frontend/assets/home/domain-icons/quantum-technology.png,前端资源,包内相对路径,261692,e4279e53dcf923eb2ffd37065b125a04c82a75b8f9fd89de8ed9ffaf40c2fcb2
frontend/assets/industry/app.js,前端代码/页面,包内相对路径,19396,1b6ded351af31287f5fdcc8a66ee999f00f6c93463b1c39a0111386738632af4
frontend/assets/industry/styles.css,前端代码/页面,包内相对路径,14655,a6491a58b42989967aa40dd908163eaba0ebacce875071bb80b448b923f370eb
frontend/assets/intelligence/app.js,前端代码/页面,包内相对路径,11538,ad73c8d4a0c77fa091dc28c502cb6b2e93266ad394526909bd1f2ec6cc4e3e96
frontend/assets/intelligence/styles.css,前端代码/页面,包内相对路径,9053,c74503fed0ec71b37fb656b9410dbaa633be8eb2d5a8c683884095fcdb3dbe51
frontend/DESIGN.md,前端代码/页面,包内相对路径,13040,1822d1b000b7cdb51b96c51130ec2d34ecb258d43df99100429e96ea988f6b6f
frontend/enterprise.html,前端代码/页面,包内相对路径,21726,7409bec4256c40996eeae15a82f54036cae6901fb4d790488ff2b62b51d18e97
frontend/frontier.html,前端代码/页面,包内相对路径,15277,be155db79cbd3064a2a5b1ee5b79336dafebc805c168a023a963dffc86cd7d4a
frontend/home.html,前端代码/页面,包内相对路径,4846,32cbe3c80e81827cb83e589072a6f4d3697215ef7d24ce0ef42fe3ab1be0bf95
frontend/index.html,前端代码/页面,包内相对路径,8155,d91688e51d68c3a0a7fab57f5c4f616903821436c06f939cbedd2fa6e0783c2f
frontend/industry.html,前端代码/页面,包内相对路径,4573,a595ff71dfc72006b22c3800c1d54290292b9e9855d13b9a0a03c6495f1ad506
frontend/PRODUCT.md,前端代码/页面,包内相对路径,3797,ffcaa77ff1ff0b620db566dfaf58b1dc7e9bbb7d80a7d3025f0c49824f823f77
frontend/shared/api-preload.js,前端代码/页面,包内相对路径,2428,2be86d6631648201226a9dad997fc95c5abed8ccbabdc47412c1dbacc5c28ee4
frontend/shared/demo-auth.css,前端代码/页面,包内相对路径,6065,6f94284dfd08f767a0783a6ac3547cb64cfdb410d6f7a4b611c4d2710340161f
frontend/shared/demo-auth.js,前端代码/页面,包内相对路径,1944,a9d36834a73cbdfcc38bbb4b31897ab29c6ba70605736a5137f7937ed288399c
frontend/shared/enterprise-name.js,前端代码/页面,包内相对路径,204,9f0308d11f6c298d2745b4a5a61afea033f4ce4db415d6751299583905f3c486
frontend/shared/fusion-nav.css,前端代码/页面,包内相对路径,6703,d492460d0070ea5805a0af4a54d66a7e89f42fe94080116bcaefcf7fae58a293
frontend/shared/fusion-nav.js,前端代码/页面,包内相对路径,5616,a2c3a9c35039a5e65175a823d0a3ee9f44f9596d8e5ba5a55c9a34f3817a199b
frontend/shared/home-redesign.css,前端代码/页面,包内相对路径,20963,d68e806a136dee32258f92da3bb76318e08ca983d52c9b3ea75dbcd58520b6c1
frontend/shared/home-redesign.js,前端代码/页面,包内相对路径,5802,f984800fd70afe367d89e5e663e50a80c5f227a08ff6ff4f4812db1728a363db
frontend/shared/layout-polish.css,前端代码/页面,包内相对路径,8281,582424a99a157367d8d4df4cc901f59686e6a0b5d5fc430f040c1f69f5c57cb6
frontend/shared/module-mode.js,前端代码/页面,包内相对路径,1753,c7d3db89b607e445bfbe367c5ce9af5de3265c939e88431a20b4f7017da1cf9f
frontend/technology.html,前端代码/页面,包内相对路径,16675,f01aba3ff7ae3213e29cd5cda1674b8390ddfa3f8487ae8dbfd3aced8fb6b822
manifest/dependency_check.json,数据或配置,包内相对路径,956,21a78e523840ee8f3ea5467a984933a1efcab8642d6c3c7fd5fcc1cca6d5ce8a
pipeline/build_atlas_payload.py,构建脚本,包内相对路径,35184,5368fdff0a8414492899d9b27bf819ccb34627cbd55e4508d30bd962ba70c58b
pipeline/build_derwent_payload_direct.py,构建脚本,包内相对路径,24080,e3fd466f794cf70e95e64b21d67cb2d6356644e65856589304397834b3436d54
pipeline/build_enterprise_directory_master.py,构建脚本,包内相对路径,4384,5ba55e1b64e58c9825be6a7971e44b4ca66c77b0a22f98ecbcaf4b676e8f181e
pipeline/build_enterprise_insights.js,构建脚本,包内相对路径,9071,ecafc71fff5cac82e6f7c6e5a7325bdb43e5f35cb55df550d74462bd7d964b6b
pipeline/build_frontier_enterprise_index.py,构建脚本,包内相对路径,10571,022a79dd44fce1b0e04cf963417d97064c37b6a84f38821166bea90851f6064c
pipeline/build_site.py,构建脚本,包内相对路径,4321,63235508aaa655dda95485877d9238025801744032cc06723b1692ee02ee9e17
pipeline/build_unified_from_xlsx.py,构建脚本,包内相对路径,28149,37fdfc5ffdd62c1b6fc4d563039c9f96461d12bff76a9a77e4f7f07f62359281
pipeline/export_frontier_input.py,构建脚本,包内相对路径,3627,82cb9f039e3f8cecdba5945df4931214a5066a1bcd6e734f8649cc037da6bbf8
pipeline/output/剩余企业名称校准_排除49家_20260916.csv,构建产物/报告,包内相对路径,106070,753e7708a1ca7e36039093e089d5534dafa237564f1daf42cec7aff48a90b86e
pipeline/output/暂未关联专利企业名单_20260916.csv,构建产物/报告,包内相对路径,46108,e7bb2f5435b65fd90257f54e21fd44bddd76be825ea3371dbc3c10e8a3db0a32
pipeline/output/股东发明人专利关联_待核验_20260916.json,构建产物/报告,包内相对路径,628,978ea5f7e8be3bb4ca6ee73a4988d26ef622c7f8df519737f3b8cab0726279ec
pipeline/output/股东发明人专利关联_待核验_20260916.xlsx,构建产物/报告,包内相对路径,195310,77c19e18705fa80b051afa279a5da7811912fd24d71438c613d3718601db704d
pipeline/output/股东发明人专利关联_待核验_20260916_企业汇总.csv,构建产物/报告,包内相对路径,21499,bb655969fee05ef9b24c771ed5cf2ea13cdd03d6512e3c7c7e48f29a52e0019a
pipeline/output/股东发明人专利关联_待核验_20260916_关联明细.csv,构建产物/报告,包内相对路径,638618,aea7fa85e5d005a267139e67d27a23994cdff3b1696c03a87590e4ef778a56af
pipeline/sync_site_pages.py,构建脚本,包内相对路径,1567,98d6393949a298cfa35b8ae6adea80986dba994362cbbdc375ee8af9e06417ac
pipeline/tools/build_shareholder_frontend.py,构建脚本,包内相对路径,3129,99ebd1b40236b3240b423983e18a88a6c0aca2aee0a50c814753c69658e65e89
pipeline/tools/export_unlinked_enterprises.py,构建脚本,包内相对路径,4655,4d81847406a4409d6fbab03e1f40dbe473299cb74661ec192961071aa6185cb1
pipeline/tools/fuzzy_match_unlinked_enterprises.py,构建脚本,包内相对路径,7777,398091744d8b607a6f2f3310ca7bfc29d1ac5dd1d65b96a7c054c99bbe2f7c1d
pipeline/tools/match_shareholder_patents.py,构建脚本,包内相对路径,14714,f70f7e95643126227ab8e5b605f9e91f9a66b499c99e7225623a4b90fc4673df
README.md,文档,包内相对路径,2215,72244765af785420f44008b7adcf2514a7bf9b9e7d68e4bc7fcad306c872e1db
requirements/build.txt,依赖清单,包内相对路径,17,9bba605fd7b6ea23038de15e5a1ae6714b3d3fb14ed2d6e6bedbfb0665ca2122
requirements/frontier.txt,依赖清单,包内相对路径,211,65bd8f2b2a8abbb45c4071dc6b7e2f0ca8c94e5166fbedcf300ae580ef00b79e
requirements/server.txt,依赖清单,包内相对路径,56,9ff172265aea531475d8dfc82b6213fd4e7f248f7f1b1342864ce952b0cea5dd
scripts/build.py,构建/服务代码,包内相对路径,1914,1761d47b5022e33f83b3b6775e5047839228cc1a69babe2138fc9b686a104546
scripts/make_manifest.py,构建/服务代码,包内相对路径,2558,7de55a8776c5d465313245de849a272e7135436a8e2ac01d2cadba1a2b6c98e4
scripts/serve.py,构建/服务代码,包内相对路径,787,49129d54dab61d646972607fa7be3047a04fbce090fc97992e459a7c9f4d53b2
